{"train": {"loss": 2.3225771967569986}, "eval": {"loss": 4.316097146670024}, "_timestamp": 1717028908.8811479, "_runtime": 817.0155317783356, "_step": 79, "_wandb": {"runtime": 816}}