{"train": {"loss": 1.0873159276929132}, "_timestamp": 1717026549.5496845, "_runtime": 1090.4168305397034, "_step": 79, "_wandb": {"runtime": 1090}}