{"train": {"loss": 0.2767320408423742}, "eval": {"loss": 4.618318921724955}, "_timestamp": 1717028656.5299847, "_runtime": 816.4990618228912, "_step": 79, "_wandb": {"runtime": 816}}